seed,variant,model,wk1_4,mae
7,baseline,ridge,12.028021547118586,11.989965703066096
7,baseline,xgboost,12.39778519314087,12.40401766178528
7,trim,ridge,12.040086594404205,12.000498878055039
7,trim,xgboost,12.379612436362853,12.381342487143575
7,trim_x,ridge,12.047230253541962,12.007968545489248
7,trim_x,xgboost,12.473307269312537,12.429168691574842
7,full,ridge,12.059782183150762,12.025546073134175
7,full,xgboost,12.416791951617537,12.375399433806187
7,trim+prior,ridge,12.046991585034412,12.005092469418505
7,trim+prior,xgboost,12.441146278018744,12.497535300358175
21,baseline,ridge,12.229457561220421,12.124162445062247
21,baseline,xgboost,12.86632441413553,12.672815342522343
21,trim,ridge,12.217777149708859,12.12488717476932
21,trim,xgboost,12.728289476933721,12.63898053984789
21,trim_x,ridge,12.207973333059803,12.114802237511666
21,trim_x,xgboost,12.753150087884233,12.642779121490362
21,full,ridge,12.218650233127175,12.141231531432325
21,full,xgboost,12.73748204055696,12.640359169759163
21,trim+prior,ridge,12.235222800515313,12.1279121014313
21,trim+prior,xgboost,12.76878860649796,12.63487979652047
43,baseline,ridge,11.811443027287103,11.925155725065753
43,baseline,xgboost,11.985326795069835,12.282658508821871
43,trim,ridge,11.816200119984243,11.931168977286662
43,trim,xgboost,12.081059062761517,12.299345762564656
43,trim_x,ridge,11.805058193742104,11.920173726425269
43,trim_x,xgboost,12.050078436636175,12.328924797685618
43,full,ridge,11.863617303950639,11.992861539240733
43,full,xgboost,12.007185488812423,12.243614199486434
43,trim+prior,ridge,11.856700772415829,11.958438013108006
43,trim+prior,xgboost,12.167691506002432,12.373541306781146
88,baseline,ridge,12.365464280323186,12.189977144881853
88,baseline,xgboost,12.720718656291568,12.645872021524408
88,trim,ridge,12.364593610125715,12.19449530017007
88,trim,xgboost,12.703240213719763,12.657172290261382
88,trim_x,ridge,12.37405979687402,12.208582512722694
88,trim_x,xgboost,12.7272827246951,12.648610614914054
88,full,ridge,12.347025447101263,12.218759035584979
88,full,xgboost,12.637792329597236,12.62952142610445
88,trim+prior,ridge,12.379089728114945,12.203129992859509
88,trim+prior,xgboost,12.803016124845191,12.715911107685754
